title,slug,status,included_for_substack,body_html_chars,body_text_words,content_fields_used,missing_meta_title,missing_meta_description,missing_social_image
A ‘must’ update for the algorithm of love,a-must-update-for-the-algorithm-of-love,draft,yes,17042,2318,Content | Layout five second half content,no,no,no
Angry Young Vijay’s Disappointment,angry-young-vijays-disappointment,published,yes,12877,1981,Content | Layout five second half content,no,no,no
Busy but Broke? Your Fake Work Is Keeping You Poor.,busy-but-broke-your-fake-work-is-keeping-you-poor,draft,yes,12361,1644,Content | Supporting Image and content,no,no,yes
Does happiness feel ‘different’?,does-happiness-feel-different,published,yes,11715,1828,Content | Layout five second half content,no,no,no
Fall in Love with 2026 sooner than later,fall-in-love-with-2026-sooner-than-later,published,yes,12274,1848,Content | Blockquotes content,no,no,no
Force multiplier for the zero-cost builder,force-multiplier-for-the-zero-cost-builder,draft,yes,14074,1777,Content | Supporting Image and content | Call out title | Blockquotes content,no,no,yes
"Founders are lonely, but there’s a way out",founders-are-lonely-but-theres-a-way-out,published,yes,10372,1249,Content,no,no,yes
Heroes Ask for Help,heroes-ask-for-help,draft,yes,20027,2318,Content | Supporting Image and content | Blockquotes content,no,no,yes
How David Goggins helped the founder in me survive a ‘stroke’,how-david-goggins-helped-the-founder-in-me-survive-a-stroke,published,yes,13782,1761,Content,no,no,yes
Mood Metrics That Make Or Break A Startup,mood-metrics-that-make-or-break-a-startup,published,yes,11132,1524,Content,yes,yes,yes
My 90-Hour Fast Revealed A Surprise I Never Expected,my-90-hour-fast-revealed-a-surprise-i-never-expected,published,yes,17742,2256,Content | Summary Content,no,no,yes
My rejection experiment that can be your breakthrough,my-rejection-experiment-that-can-be-your-breakthrough,published,yes,15241,1482,Content | Supporting Image and content | Item 1 title | Item 1 content | Item 2 title | Item 2 content 1 | item 2 content 2 | Item 2 content 3 | Item 2 content 4 | Item 3 title | Item 3 content 1 | Item 3 content 2 | item 3 content 3 | Item 4 title | Item 4 content | item 4 image content 2 | item 4 content 4 | Item 5 title | Item 5 content | Featured Body text 2 | Call out title | Blockquotes content,no,no,yes
"No means,  no to hustle culture",no-means-no-to-hustle-culture,published,yes,10563,1586,Content,no,no,no
"Rejection hurts, but don’t let it be painful",rejection-hurts-but-dont-let-it-be-painful,published,yes,11788,1395,Content | Supporting Image and content | Item 1 title | Item 1 content | Item 2 title | Item 2 content 1 | item 2 content 2 | Item 2 content 3 | Item 2 content 4 | Item 3 title | Item 3 content 1 | Item 3 content 2 | Featured Body text 2 | section content | Detailed Text | Call out title | Blockquotes content | Feature_content-3,no,no,yes
Smart but stuck: When intelligence alone falls short of cracking the startup code,jhksf,archived,no,12313,1483,Content,no,no,yes
Smart but stuck: When intelligence alone falls short of cracking the startup code,smart-but-stuck-when-intelligence-alone-falls-short-of-cracking-the-startup,published,yes,10618,1302,Content | Supporting Image and content | Item 1 title | Item 1 content | Item 2 title | Item 2 content 1 | item 2 content 2 | Item 2 content 3 | Item 2 content 4 | Item 3 title | Item 3 content 1 | Item 3 content 2 | Item 4 title | Item 4 content | Item 5 title | Item 5 content | Item 6 title | item 6 content 1 | Item 6 content 2 | Item 6 content 3 | Swipper title | Featured title 2 | Featured Body text 2 | section title | section sub description | section content | product Title | Detailed Text | Call out title | Blockquotes content,no,no,yes
"Someone is stealing your lifetime, literally",someone-is-stealing-your-lifetime-literally,published,yes,8165,1253,Content,no,no,yes
Steve Jobs Wasn't Complete. Neither Are You,steve-jobs-wasnt-complete-neither-are-you,published,yes,12919,1781,Content,no,no,no
The Aliveness Paradox,the-aliveness-paradox,published,yes,10629,1615,Content | Layout five second half content,no,no,no
The Calendar Is Killing Your Peak Performance Moments,the-calendar-is-killing-your-performance,published,yes,13874,1707,Content | Summary Content,no,no,yes
The Dark Side of Self-Love,the-dark-side-of-self-love,published,yes,11867,1772,Content | Layout five second half content,no,no,no
The False Sense  of Agency,the-false-sense-of-agency,published,yes,16030,1857,Content | Layout five second half content,no,no,no
The Low Status Moat Matters,the-low-status-moat-matters,draft,yes,14088,1793,Content,no,no,no
The Market for Your Honest Opinion Is Bigger Than You Think,the-market-for-your-honest-opinion-is-bigger-than-you-think,published,yes,11385,1729,Content | Layout five second half content,no,no,no
The Rehearsal tax,the-rehearsal-tax,published,yes,12053,1757,Content | Layout five second half content,no,no,no
The Secret Inside the Brown Box,the-secret-inside-the-brown-box,published,yes,11587,1694,Content | Layout five second half content,no,no,no
The Thermostat Effect,the-thermostat-effect,published,yes,13008,1838,Content | Layout five second half content,no,no,no
The Unicorn Trap and the road to ‘enlightenment’,the-unicorn-trap-and-the-road-to-enlightenment,published,yes,15745,1851,Content | Supporting Image and content | Blockquotes content,no,no,yes
The cartoonist monk who saved my life,the-cartoonist-monk-who-saved-my-life,published,yes,13042,1891,Content | Layout five second half content,no,no,no
The founders’ Olympics of suffering,the-founders-olympics-of-suffering,published,yes,9869,1195,Content | Layout five second half content,no,no,no
"To weave your startup story, invoke the storyteller in you",to-weave-your-startup-story-invoke-the-storyteller-in-you,published,yes,12242,1715,Content,no,no,yes
"Until Death, All Defeat Is Psychological",until-death-all-defeat-is-psychological,draft,yes,15861,1913,Content | Layout five second half content,no,no,no
Welcome to The Deliberate Pause,welcome-to-the-deliberate-pause,published,yes,2796,406,Content | Summary Content,yes,yes,yes
Your attention span holds a secret,your-attention-span-holds-a-secret,draft,yes,14286,1758,Content | Supporting Image and content | Blockquotes content,no,no,yes
Your boring routine comes with the power of compounding,your-boring-routine-comes-with-the-power-of-compounding,published,yes,14525,1744,Content,no,no,yes
"‘Rest assured’, this competitive advantage can set you apart",rest-assured-this-competitive-advantage-can-set-you-apart,draft,yes,15056,1915,Content | Supporting Image and content | Blockquotes content,no,no,yes
When Success Still Feels Empty,when-success-still-feels-empty,published,yes,15389,2299,Content | Layout five second half content,no,no,no
The Clauddiction Trap,the-clauddiction-trap,published,yes,11526,1775,Content | Layout five second half content,no,no,no
The Hidden Cost of Not Choosing Yourself,the-hidden-cost-of-not-choosing-yourself,published,yes,11902,1877,Content | Layout five second half content,no,no,no
The Cost of Becoming a People Pleaser,the-cost-of-becoming-a-people-pleaser,published,yes,11742,1881,Content | Layout five second half content,no,no,no
